detected_date,entry_date,exited_date,symbol,side,status,regime,entry,stop,target,tp_runner_pct,tp_target_multiplier,tp_conviction,exit_price,hold_candles,r_multiple,price_return_pct,leverage,taken,position_pct,margin,net_pnl,fees,funding,outcome,ml_score,ml_p_win,ml_expected_r,ml_tail_prob,ml_not_bad_prob,ml_market_regime,feat_score,feat_breakout_pct,feat_distance_to_trigger_pct,feat_risk_pct,feat_reward_pct,feat_reward_risk,feat_volume_ratio,feat_avg_quote_volume,feat_compression_pct,feat_atr_pct,feat_trend_score,feat_close_position,feat_quote_volume_24h,feat_range_pct_24h,feat_price_change_pct_24h,feat_momentum_score,feat_btc_momentum_pct,feat_btc_ema_distance_pct,feat_rel_momentum_pct,feat_symbol_trades_30,feat_symbol_win_rate_30,feat_symbol_avg_r_30,feat_interval
2025-12-20 08:59,2025-12-20 09:59,2025-12-21 08:59,FARTCOINUSDT,LONG,BREAKOUT,INSTANT,0.29078721,0.28060965765,0.301500075758,50.00,1.000,0.000,0.293398303122,23,0.2566,0.8979,10,yes,55.00,5.500000,0.428554,0.049500,0.015813,WIN,0.000000,0.000000,0.000000,0.000000,0.000000,,86.500000,0.010073,0.000000,0.038351,0.046193,1.204470,3.168330,4286127.186699,0.000000,0.018840,0.700000,0.602339,109741239.787730,8.665750,0.000000,0.725225,2.143205,0.852620,-18.579986,0.000000,0.500000,0.000000,1h
2025-12-20 22:59,2025-12-20 23:59,2025-12-21 00:59,ICPUSDT,LONG,BREAKOUT,INSTANT,3.4390314,3.318665301,3.8361345,50.00,1.000,0.000,3.318665301,1,-1.0000,-3.5000,10,yes,55.00,5.500000,-1.975187,0.049500,0.000688,LOSS,0.000000,0.000000,0.000000,0.000000,0.000000,,93.700000,0.040872,0.000000,0.119611,0.160249,1.339751,6.317008,2254854.848150,0.000000,0.019426,1.000000,0.799228,61689457.777000,17.684700,0.000000,1.040295,2.237915,0.613914,16.069037,0.000000,0.500000,0.000000,1h
2025-12-20 23:59,2025-12-21 00:59,2025-12-21 02:59,FILUSDT,LONG,BREAKOUT,INSTANT,1.3734119,1.3253424835,1.461836,50.00,1.000,0.000,1.3253424835,2,-1.0000,-3.5000,10,yes,46.75,3.751600,-1.347762,0.033764,0.000938,LOSS,0.000000,0.000000,0.000000,0.000000,0.000000,,91.400000,0.004392,0.000000,0.048283,0.069089,1.430911,5.643731,2281188.584535,0.000000,0.010829,1.000000,0.619048,65152888.597600,6.997085,0.000000,0.948194,2.458423,0.682019,9.633080,0.000000,0.500000,0.000000,1h
2025-12-22 00:59,2025-12-22 01:59,2025-12-22 19:59,ENAUSDT,LONG,BREAKOUT,INSTANT,0.21446432,0.2069580688,0.22959735,50.00,1.000,0.000,0.2079832,18,-0.8634,-3.0220,10,yes,35.75,2.540254,-0.796243,0.022862,0.005716,LOSS,0.000000,0.000000,0.000000,0.000000,0.000000,,91.100000,0.002338,0.000000,0.050651,0.072314,1.427686,4.065776,5163413.878280,0.000000,0.013260,1.000000,0.597015,134097213.360200,6.250000,0.000000,0.867892,3.516066,0.651408,6.376296,0.000000,0.500000,0.000000,1h
2025-12-22 15:59,2025-12-22 16:59,2025-12-22 20:59,ADAUSDT,LONG,BREAKOUT,INSTANT,0.37931376,0.3660377784,0.39988855,50.00,1.000,0.000,0.3660377784,4,-1.0000,-3.5000,10,yes,35.75,2.540254,-0.913221,0.022862,0.001270,LOSS,0.000000,0.000000,0.000000,0.000000,0.000000,,91.900000,0.003440,0.000000,0.039594,0.057129,1.442871,3.677236,8810965.193410,0.000000,0.011189,1.000000,0.642857,231197942.216200,6.170886,0.000000,0.889482,2.004991,1.365863,0.205252,0.000000,0.500000,0.000000,1h
2025-12-26 09:59,2025-12-26 10:59,2025-12-27 14:59,CHZUSDT,LONG,BREAKOUT,STRICT_RETEST,0.035480641,0.034238818565,0.037782985,50.00,1.000,0.000,0.0361705222282,28,0.5555,1.9444,10,yes,24.75,1.335545,0.242987,0.012020,0.004674,WIN,0.000000,0.000000,0.000000,0.000000,0.000000,,89.000000,0.010829,0.000000,0.053126,0.075669,1.424331,2.605087,434618.479711,0.000000,0.012908,0.700000,0.698795,10929610.809220,6.484353,0.000000,0.504263,1.473009,0.969962,0.306045,0.000000,0.500000,0.000000,1h
2025-12-27 23:59,2025-12-28 00:59,2025-12-28 18:59,DOTUSDT,LONG,BREAKOUT,INSTANT,1.9095727,1.8427376555,2.091028,50.00,1.000,0.000,1.852288,18,-0.8571,-2.9999,10,yes,24.75,1.395684,-0.434389,0.012561,0.003140,LOSS,0.000000,0.000000,0.000000,0.000000,0.000000,,92.300000,0.008985,0.000000,0.074568,0.104090,1.395910,4.740913,3980307.963310,0.000000,0.013882,1.000000,0.689655,104781525.217900,10.790990,0.000000,0.913272,0.230636,0.173360,9.734802,0.000000,0.500000,0.000000,1h
2025-12-29 04:59,2025-12-29 05:59,2025-12-29 19:59,CHZUSDT,LONG,BREAKOUT,STRICT_RETEST,0.037441229,0.036130785985,0.038889745,50.00,1.000,0.000,0.0373329841275,14,-0.0826,-0.2891,10,yes,24.75,1.288173,-0.051090,0.011594,0.002254,LOSS,0.000000,0.000000,0.000000,0.000000,0.000000,,93.500000,0.013261,0.000000,0.035515,0.051445,1.448555,4.820711,373956.764357,0.000000,0.010245,1.000000,0.752688,10039974.310440,5.021368,0.000000,0.784988,1.320311,2.499670,7.232893,1.000000,1.000000,0.555539,1h
2025-12-30 22:59,2025-12-30 23:59,2025-12-31 05:59,CHZUSDT,LONG,BREAKOUT,INSTANT,0.039601877,0.038215811305,0.040798395,50.00,1.000,0.000,0.0404459151491,6,0.6089,2.1313,10,no,,0.000000,0.000000,0.000000,0.000000,skipped,0.000000,0.000000,0.000000,0.000000,0.000000,,95.900000,0.025641,0.000000,0.038511,0.055624,1.444376,3.564511,557288.975505,0.000000,0.013330,1.000000,0.911392,15304271.004630,7.828283,0.000000,0.668986,0.984161,0.526726,8.227091,2.000000,0.500000,0.236469,1h
2025-12-31 06:59,2025-12-31 07:59,2025-12-31 09:59,CHZUSDT,LONG,BREAKOUT,INSTANT,0.041902567,0.040435977155,0.04542179,50.00,1.000,0.000,0.0439222363064,2,1.3771,4.8199,10,no,,0.000000,0.000000,0.000000,0.000000,skipped,0.000000,0.000000,0.000000,0.000000,0.000000,,95.300000,0.022705,0.000000,0.077449,0.107823,1.392177,4.321750,881652.472291,0.000000,0.016335,1.000000,0.888060,24248350.722780,11.339222,0.000000,0.785076,0.883621,0.504264,12.855179,3.000000,0.666667,0.360628,1h
2026-01-01 17:59,2026-01-01 18:59,2026-01-02 14:59,APTUSDT,LONG,BREAKOUT,INSTANT,1.82384699,1.76001234535,2.01119285,50.00,1.000,0.000,1.83277004538,20,0.1398,0.4892,10,yes,24.75,1.275528,0.047736,0.011480,0.003189,WIN,0.000000,0.000000,0.000000,0.000000,0.000000,,95.100000,0.013281,0.000000,0.084225,0.116523,1.383477,3.152566,1818363.656583,0.000000,0.010972,1.000000,0.878307,46684015.346240,10.211692,0.000000,0.644632,0.532033,0.349009,6.143214,0.000000,0.500000,0.000000,1h
2026-01-01 17:59,2026-01-01 18:59,2026-01-01 22:59,1000PEPEUSDT,LONG,BREAKOUT,INSTANT,0.0044853452,0.004328358118,0.00481629405,50.00,1.000,0.000,0.004790177025,4,1.9418,6.7962,10,yes,24.75,1.275528,0.854753,0.011480,0.000638,WIN,0.000000,0.000000,0.000000,0.000000,0.000000,,93.200000,0.025923,0.000000,0.072079,0.100849,1.399151,6.326632,8201206.994105,0.000000,0.012199,1.000000,0.745268,239100052.631271,12.190009,0.000000,1.159293,0.532033,0.349009,8.509356,0.000000,0.500000,0.000000,1h
2026-01-02 01:59,2026-01-02 02:59,2026-01-02 04:59,RENDERUSDT,LONG,BREAKOUT,STRICT_RETEST,1.4094227,1.3600929055,1.5235055,50.00,1.000,0.000,1.442,2,0.6604,2.3114,10,yes,24.75,1.487080,0.329967,0.013384,0.000372,WIN,0.000000,0.000000,0.000000,0.000000,0.000000,,90.700000,0.002135,0.000000,0.058770,0.083262,1.416738,2.849966,440560.480690,0.000000,0.011972,1.000000,0.571429,10590500.476400,10.085227,0.000000,0.573525,1.508770,0.591799,6.882300,0.000000,0.500000,0.000000,1h
2026-01-02 03:59,2026-01-02 04:59,2026-01-02 08:59,TAOUSDT,LONG,BREAKOUT,INSTANT,236.851034,228.56124781,242.00974,50.00,1.000,0.000,240.90034373,4,0.4885,1.7096,10,yes,24.75,1.568746,0.253297,0.014119,0.000784,WIN,0.000000,0.000000,0.000000,0.000000,0.000000,,94.200000,0.022765,0.000000,0.030470,0.044354,1.455646,6.108808,2260257.633402,0.000000,0.011023,1.000000,0.793734,64916574.044270,8.527263,0.000000,0.989552,1.791499,0.890056,6.046905,0.000000,0.500000,0.000000,1h
2026-01-02 03:59,2026-01-02 04:59,2026-01-02 16:59,1000BONKUSDT,LONG,BREAKOUT,INSTANT,0.0084385308,0.008143182222,0.0089494325,50.00,1.000,0.000,0.00874635328178,12,1.0422,3.6478,10,no,,0.000000,0.000000,0.000000,0.000000,skipped,0.000000,0.000000,0.000000,0.000000,0.000000,,96.000000,0.016508,0.000000,0.054331,0.077298,1.422702,3.161207,2047505.943033,0.000000,0.015402,1.000000,0.927632,50534539.098772,12.411095,0.000000,0.679022,1.791499,0.890056,7.468960,0.000000,0.500000,0.000000,1h
2026-01-02 03:59,2026-01-02 04:59,2026-01-02 16:59,1000PEPEUSDT,LONG,BREAKOUT,INSTANT,0.005111533,0.004932629345,0.00599590167802,50.00,1.000,0.000,0.00558544079069,12,2.6490,9.2713,10,no,,0.000000,0.000000,0.000000,0.000000,skipped,0.000000,0.000000,0.000000,0.000000,0.000000,,93.400000,0.027280,0.000000,0.116686,0.204148,1.749546,3.586032,29749366.273710,0.000000,0.026049,1.000000,0.640691,716820458.762545,22.884092,0.000000,0.975737,1.791499,0.890056,24.362006,1.000000,1.000000,1.941764,1h
2026-01-02 09:59,2026-01-02 10:59,2026-01-02 14:59,DOGEUSDT,LONG,BREAKOUT,INSTANT,0.132759816,0.12811322244,0.13548124,50.00,1.000,0.000,0.134944468608,4,0.4702,1.6456,10,yes,35.75,2.356521,0.365394,0.021209,0.001178,WIN,0.000000,0.000000,0.000000,0.000000,0.000000,,92.100000,0.025340,0.000000,0.031372,0.045626,1.454374,3.065157,34242766.608732,0.000000,0.010871,1.000000,0.655449,819619573.639700,11.075949,0.000000,0.818049,1.677227,1.345144,4.890944,0.000000,0.500000,0.000000,1h
2026-01-02 14:59,2026-01-02 15:59,2026-01-02 20:59,SUIUSDT,LONG,BREAKOUT,INSTANT,1.53138867882,1.4784372,1.6096677,50.00,1.000,0.000,1.57987139807,5,0.9156,3.1659,10,yes,35.75,2.504215,0.768714,0.022538,0.001565,WIN,0.000000,0.000000,0.000000,0.000000,0.000000,,92.500000,0.000915,0.000000,0.035505,0.051432,1.448568,4.276126,10611382.567413,0.000000,0.011306,1.000000,0.681604,303358226.742890,8.335511,0.000000,0.958116,0.793638,1.285365,5.100108,0.000000,0.500000,0.000000,1h
2026-01-02 14:59,2026-01-02 15:59,2026-01-03 06:59,ENAUSDT,LONG,BREAKOUT,INSTANT,0.22926876,0.2212443534,0.2418243,50.00,1.000,0.000,0.236969429242,15,0.9597,3.3588,10,yes,35.75,2.504215,0.813881,0.022538,0.004695,WIN,0.000000,0.000000,0.000000,0.000000,0.000000,,92.600000,0.007476,0.000000,0.043383,0.062369,1.437631,3.062508,6737424.873475,0.000000,0.016462,1.000000,0.694118,177855179.945000,11.392405,0.000000,0.827513,0.793638,1.285365,9.562816,1.000000,0.000000,-0.863430,1h
2026-01-02 16:59,2026-01-02 17:59,2026-01-03 10:59,SOLUSDT,LONG,BREAKOUT,INSTANT,130.909261,126.50648,135.51523,50.00,1.000,0.000,131.667549121,17,0.1722,0.5792,10,no,,0.000000,0.000000,0.000000,0.000000,skipped,0.000000,0.000000,0.000000,0.000000,0.000000,,93.000000,0.006924,0.000000,0.028485,0.041544,1.458456,3.263582,105162483.337575,0.000000,0.010277,1.000000,0.710692,2673806208.982580,5.768643,0.000000,0.836670,1.843428,2.096492,2.360394,0.000000,0.500000,0.000000,1h
2026-01-02 16:59,2026-01-02 17:59,2026-01-02 19:59,TONUSDT,LONG,BREAKOUT,INSTANT,1.81624471,1.75267614515,1.83377565,50.00,1.000,0.000,1.82591830235,2,0.1522,0.5326,10,no,,0.000000,0.000000,0.000000,0.000000,skipped,0.000000,0.000000,0.000000,0.000000,0.000000,,95.700000,0.037602,0.000000,0.032265,0.046885,1.453115,5.999253,1638884.387028,0.000000,0.013627,1.000000,0.893048,47083793.622200,8.845074,0.000000,0.984992,1.843428,2.096492,10.119328,0.000000,0.500000,0.000000,1h
2026-01-03 16:59,2026-01-03 17:59,2026-01-03 19:59,RENDERUSDT,LONG,BREAKOUT,INSTANT,1.5884764,1.532879726,1.69339,50.00,1.000,0.000,1.65079168166,2,1.1208,3.9230,10,yes,55.00,4.723066,1.809151,0.042508,0.001181,WIN,0.000000,0.000000,0.000000,0.000000,0.000000,,93.400000,0.012755,0.000000,0.055512,0.078889,1.421111,3.168279,730040.622000,0.000000,0.015833,1.000000,0.753623,19665542.472500,7.241814,0.000000,0.645585,2.783538,0.975382,20.988871,1.000000,1.000000,1.333649,1h
2026-01-03 20:59,2026-01-03 21:59,2026-01-04 12:59,RENDERUSDT,LONG,BREAKOUT,INSTANT,1.7255175,1.6651243875,2.08148275505,50.00,1.000,0.000,1.76396774298,15,0.6367,2.2283,10,yes,55.00,5.718099,1.211997,0.051463,0.010721,WIN,0.000000,0.000000,0.000000,0.000000,0.000000,,93.600000,0.004662,0.000000,0.148204,0.211774,1.428929,8.642049,1251993.174240,0.000000,0.021876,1.000000,0.764706,37661865.230500,14.733179,0.000000,1.027388,3.085736,1.162052,30.661354,2.000000,1.000000,1.227247,1h
2026-01-04 01:59,2026-01-04 02:59,2026-01-04 04:59,1000BONKUSDT,LONG,BREAKOUT,INSTANT,0.0098019397,0.0094588718105,0.01068627,50.00,1.000,0.000,0.0107524525,2,2.7706,9.6972,10,yes,55.00,5.718099,5.492057,0.051463,0.001430,WIN,0.000000,0.000000,0.000000,0.000000,0.000000,,89.600000,0.013027,0.000000,0.074316,0.103763,1.396237,3.952609,3090084.127645,0.000000,0.016541,1.000000,0.504975,82192076.396421,12.094305,0.000000,0.814111,3.723419,1.892257,27.353504,1.000000,1.000000,1.042235,1h
2026-01-04 03:59,2026-01-04 04:59,2026-01-05 00:59,DOGEUSDT,LONG,BREAKOUT,INSTANT,0.151015291,0.145729755815,0.157802455,50.00,1.000,0.000,0.15163988415,20,0.1182,0.4136,10,yes,55.00,8.738730,0.260935,0.078649,0.021847,WIN,0.000000,0.000000,0.000000,0.000000,0.000000,,94.500000,0.023250,0.000000,0.047897,0.068561,1.431439,3.267385,34218188.261165,0.000000,0.010982,1.000000,0.820268,877568471.532470,8.565183,0.000000,0.841687,3.835030,1.793842,23.848299,1.000000,1.000000,0.470162,1h
2026-01-04 05:59,2026-01-04 06:59,2026-01-05 02:59,1000BONKUSDT,LONG,BREAKOUT,INSTANT,0.0113404011,0.0109434870615,0.0151526429666,50.00,1.000,0.000,0.0117015819143,20,0.9100,3.1849,10,no,,0.000000,0.000000,0.000000,0.000000,skipped,0.000000,0.000000,0.000000,0.000000,0.000000,,97.700000,0.023294,0.000000,0.230265,0.366694,1.592487,3.513345,5742853.643222,0.000000,0.026122,1.000000,0.983083,150524610.339316,22.331039,0.000000,0.908604,4.291204,1.955161,46.507093,2.000000,1.000000,1.906430,1h
2026-01-04 08:59,2026-01-04 09:59,2026-01-04 19:59,1000PEPEUSDT,LONG,BREAKOUT,INSTANT,0.00681254315,0.00657410413975,0.0077388693627,50.00,1.000,0.000,0.0068582297675,10,0.1916,0.6706,10,no,,0.000000,0.000000,0.000000,0.000000,skipped,0.000000,0.000000,0.000000,0.000000,0.000000,,95.500000,0.027225,0.000000,0.092662,0.166102,1.792562,3.395551,49358227.741204,0.000000,0.026116,1.000000,0.770620,1313159796.780587,14.424997,0.000000,0.954580,4.084954,1.681670,60.504925,2.000000,1.000000,2.295360,1h
2026-01-04 21:59,2026-01-04 22:59,2026-01-05 17:59,AVAXUSDT,LONG,BREAKOUT,INSTANT,14.394317,13.963018,14.8136955,50.00,1.000,0.000,13.987968,19,-0.9422,-2.8230,10,yes,55.00,9.405329,-2.762093,0.084648,0.022338,LOSS,0.000000,0.000000,0.000000,0.000000,0.000000,,92.900000,0.007068,0.000000,0.024369,0.035685,1.464315,3.753100,6442319.446750,0.000000,0.010320,1.000000,0.706667,172829679.947000,4.350243,0.000000,0.859825,3.282628,1.099324,2.767929,0.000000,0.500000,0.000000,1h
2026-01-05 01:59,2026-01-05 02:59,2026-01-05 21:59,LINKUSDT,LONG,BREAKOUT,INSTANT,13.7851343,13.3026545995,14.0929095,50.00,1.000,0.000,14.023,19,0.4930,1.7255,10,yes,55.00,9.548843,1.539057,0.085940,0.022679,WIN,0.000000,0.000000,0.000000,0.000000,0.000000,,93.200000,0.013757,0.000000,0.024409,0.035741,1.464259,3.588589,7225510.761908,0.000000,0.010097,1.000000,0.726744,187697885.935810,4.484761,0.000000,0.857578,4.872579,2.739292,4.086067,0.000000,0.500000,0.000000,1h
2026-01-05 02:59,2026-01-05 03:59,2026-01-05 04:59,VIRTUALUSDT,LONG,BREAKOUT,INSTANT,1.0443132,1.007762238,1.30321420162,50.00,1.000,0.000,1.007762238,1,-1.0000,-3.5000,10,no,,0.000000,0.000000,0.000000,0.000000,skipped,0.000000,0.000000,0.000000,0.000000,0.000000,,97.600000,0.028262,0.000000,0.163262,0.282041,1.727529,3.636363,4753269.436878,0.000000,0.026794,1.000000,0.933022,123043960.310800,18.894848,0.000000,0.893937,4.955305,2.741060,44.858182,0.000000,0.500000,0.000000,1h
2026-01-05 03:59,2026-01-05 04:59,2026-01-05 10:59,FETUSDT,LONG,BREAKOUT,INSTANT,0.290087,0.279933955,0.328763639078,50.00,1.000,0.000,0.279933955,6,-1.0000,-3.5000,10,no,,0.000000,0.000000,0.000000,0.000000,skipped,0.000000,0.000000,0.000000,0.000000,0.000000,,96.100000,0.036838,0.000000,0.102794,0.174661,1.699138,3.473858,3776441.965485,0.000000,0.024984,1.000000,0.839080,93484139.383200,17.212832,0.000000,0.828281,4.427369,2.497429,29.785594,0.000000,0.500000,0.000000,1h
2026-01-05 14:59,2026-01-05 15:59,2026-01-05 16:59,RENDERUSDT,LONG,BREAKOUT,INSTANT,2.220666,2.14294269,2.53298612934,50.00,1.000,0.000,2.14294269,1,-1.0000,-3.5000,10,no,,0.000000,0.000000,0.000000,0.000000,skipped,0.000000,0.000000,0.000000,0.000000,0.000000,,96.300000,0.020690,0.000000,0.073592,0.163428,2.220742,3.423019,5243259.340370,0.000000,0.031789,1.000000,0.754839,139304322.053300,20.900901,0.000000,0.921735,4.303948,2.461968,42.618620,3.000000,1.000000,1.030387,1h
2026-01-05 14:59,2026-01-05 15:59,2026-01-05 16:59,VIRTUALUSDT,LONG,BREAKOUT,INSTANT,1.12573762,1.0863368033,1.3626463087,50.00,1.000,0.000,1.0863368033,1,-1.0000,-3.5000,10,no,,0.000000,0.000000,0.000000,0.000000,skipped,0.000000,0.000000,0.000000,0.000000,0.000000,,97.300000,0.025985,0.000000,0.085658,0.241142,2.815185,3.058443,12365212.521879,0.000000,0.040751,1.000000,0.820276,298682977.976500,23.575935,0.000000,1.011505,4.303948,2.461968,48.382619,1.000000,0.000000,-1.000000,1h
2026-01-05 15:59,2026-01-05 16:59,2026-01-06 01:59,ADAUSDT,LONG,BREAKOUT,INSTANT,0.41262375,0.39818191875,0.43000665,50.00,1.000,0.000,0.423876046148,9,0.7791,2.7270,10,no,,0.000000,0.000000,0.000000,0.000000,skipped,0.000000,0.000000,0.000000,0.000000,0.000000,,95.400000,0.010531,0.000000,0.035991,0.052111,1.447889,3.228690,11476731.816650,0.000000,0.014438,1.000000,0.880597,292136528.636500,4.992729,0.000000,0.859766,5.065059,2.936192,5.968310,1.000000,0.000000,-1.000000,1h
2026-01-05 16:59,2026-01-05 17:59,2026-01-06 07:59,ICPUSDT,LONG,BREAKOUT,INSTANT,3.391017,3.272331405,3.5753675,50.00,1.000,0.000,3.41205399926,14,0.1772,0.6204,10,yes,46.75,6.825238,0.350049,0.061427,0.011944,WIN,0.000000,0.000000,0.000000,0.000000,0.000000,,90.200000,0.018013,0.000000,0.050633,0.072289,1.427711,6.153673,1926118.319300,0.000000,0.018242,1.000000,0.534161,55511611.719000,8.434090,0.000000,1.025184,3.667058,2.583798,6.323211,1.000000,0.000000,-1.000000,1h
2026-01-05 18:59,2026-01-05 19:59,2026-01-06 07:59,WLDUSDT,LONG,BREAKOUT,INSTANT,0.64639386,0.6237700749,0.6673569,50.00,1.000,0.000,0.6237700749,12,-1.0000,-3.5000,10,no,,0.000000,0.000000,0.000000,0.000000,skipped,0.000000,0.000000,0.000000,0.000000,0.000000,,96.300000,0.045631,0.000000,0.055436,0.078787,1.421213,4.527363,4613851.404990,0.000000,0.017575,1.000000,0.945289,122609038.549900,9.579078,0.000000,0.934471,5.198735,3.223172,13.391833,0.000000,0.500000,0.000000,1h
2026-01-05 20:59,2026-01-05 21:59,2026-01-06 16:59,SUIUSDT,LONG,BREAKOUT,INSTANT,1.89726901,1.83086459465,2.1171199,50.00,1.000,0.000,1.9099925703,19,0.1916,0.6706,10,yes,55.00,8.876173,0.494292,0.079886,0.021081,WIN,0.000000,0.000000,0.000000,0.000000,0.000000,,91.600000,0.031937,0.000000,0.111696,0.150710,1.349290,4.865241,20180940.179107,0.000000,0.017504,1.000000,0.658537,561986029.712690,14.266885,0.000000,1.065171,4.939682,2.762427,12.948316,1.000000,1.000000,0.915607,1h
2026-01-06 12:59,2026-01-06 13:59,2026-01-06 17:59,TAOUSDT,LONG,BREAKOUT,INSTANT,288.026382,277.94545863,304.58598,50.00,1.000,0.000,284.773484048,4,-0.3227,-1.1294,10,yes,55.00,9.068700,-1.110349,0.081618,0.004534,LOSS,0.000000,0.000000,0.000000,0.000000,0.000000,,92.000000,0.012910,0.000000,0.049215,0.070359,1.429641,3.508263,5035628.356237,0.000000,0.015479,1.000000,0.658599,136213360.737720,11.328356,0.000000,0.821672,4.241693,1.602211,13.193054,1.000000,1.000000,0.488470,1h
2026-01-11 12:59,2026-01-11 13:59,2026-01-11 14:59,RENDERUSDT,LONG,BREAKOUT,INSTANT,2.4387314,2.353375801,2.531283,50.00,1.000,0.000,2.50014257675,1,0.7195,2.5182,10,yes,55.00,8.729868,2.118661,0.078569,0.001091,WIN,0.000000,0.000000,0.000000,0.000000,0.000000,,91.800000,0.026094,0.000000,0.044780,0.064291,1.435709,6.905936,1770137.997245,0.000000,0.019864,1.000000,0.640351,52624979.923700,9.310911,0.000000,1.032266,1.039978,0.098760,15.666580,4.000000,0.750000,0.522790,1h
2026-01-11 16:59,2026-01-11 17:59,2026-01-12 06:59,RENDERUSDT,LONG,BREAKOUT,INSTANT,2.6017803,2.5107179895,3.08496510989,50.00,1.000,0.000,2.57239644374,13,-0.3227,-1.1294,10,yes,55.00,9.895132,-1.222667,0.089056,0.016080,LOSS,0.000000,0.000000,0.000000,0.000000,0.000000,,96.400000,0.012461,0.000000,0.120365,0.200110,1.662527,3.726582,3564365.398925,0.000000,0.024835,1.000000,0.870690,88387321.715300,13.961538,0.000000,0.849839,0.118938,0.201106,16.368517,5.000000,0.800000,0.562127,1h
2026-01-13 02:59,2026-01-13 03:59,2026-01-13 17:59,CHZUSDT,LONG,BREAKOUT,INSTANT,0.053526053,0.051652641145,0.0573238215685,50.00,1.000,0.000,0.0538752225664,14,0.1864,0.6523,10,yes,55.00,9.222665,0.502484,0.083004,0.016140,WIN,0.000000,0.000000,0.000000,0.000000,0.000000,,91.600000,0.032613,0.000000,0.071224,0.105105,1.475707,4.866066,2184637.856086,0.000000,0.021078,1.000000,0.617834,56260157.007550,12.165950,0.000000,0.916003,0.486251,0.029733,19.787968,4.000000,0.750000,0.614751,1h
2026-01-13 09:59,2026-01-13 10:59,2026-01-13 23:59,DASHUSDT,LONG,BREAKOUT,INSTANT,50.325093,48.563714745,72.7400385927,50.00,1.000,0.000,63.0328398927,13,7.2147,25.2513,10,yes,55.00,9.222665,23.190450,0.083004,0.014987,WIN,0.000000,0.000000,0.000000,0.000000,0.000000,,93.500000,0.040323,0.000000,0.238646,0.502634,2.106191,9.337734,6932690.280375,0.000000,0.034784,1.000000,0.566085,207972189.063000,29.616378,0.000000,1.306098,1.663950,1.125130,34.566757,0.000000,0.500000,0.000000,1h
2026-01-13 10:59,2026-01-13 11:59,2026-01-13 13:59,ICPUSDT,LONG,BREAKOUT,INSTANT,3.2759825,3.1613231125,3.468942,50.00,1.000,0.000,3.4672635,2,1.6683,5.8389,10,no,,0.000000,0.000000,0.000000,0.000000,skipped,0.000000,0.000000,0.000000,0.000000,0.000000,,90.800000,0.008626,0.000000,0.047204,0.067614,1.432386,3.997113,1157186.198350,0.000000,0.011628,1.000000,0.578947,30807899.534000,7.788638,0.000000,0.725560,1.428597,0.937206,0.979911,2.000000,0.500000,-0.411375,1h
2026-01-13 12:59,2026-01-13 13:59,2026-01-13 15:59,FILUSDT,LONG,BREAKOUT,INSTANT,1.5354605,1.4817193825,1.574118,50.00,1.000,0.000,1.56431870173,2,0.5370,1.8794,10,no,,0.000000,0.000000,0.000000,0.000000,skipped,0.000000,0.000000,0.000000,0.000000,0.000000,,95.200000,0.023333,0.000000,0.033317,0.048364,1.451636,4.103181,4233630.082850,0.000000,0.011028,1.000000,0.864407,124519236.692300,7.231270,0.000000,0.846135,1.521115,0.872583,0.607960,1.000000,0.000000,-1.000000,1h
2026-01-13 13:59,2026-01-13 14:59,2026-01-13 16:59,APTUSDT,LONG,BREAKOUT,INSTANT,1.84975476,1.7850133434,1.91651705,50.00,1.000,0.000,1.89461594548,2,0.6929,2.4253,10,no,,0.000000,0.000000,0.000000,0.000000,skipped,0.000000,0.000000,0.000000,0.000000,0.000000,,95.100000,0.010051,0.000000,0.031517,0.045831,1.454169,4.026894,1585826.813202,0.000000,0.010422,1.000000,0.854015,48411478.544490,6.976367,0.000000,0.742219,1.545008,0.789685,-0.379672,1.000000,1.000000,0.139784,1h
2026-01-13 13:59,2026-01-13 14:59,2026-01-13 18:59,TIAUSDT,LONG,BREAKOUT,INSTANT,0.57347199,0.55340047035,0.61257515,50.00,1.000,0.000,0.596582680538,4,1.1514,4.0300,10,no,,0.000000,0.000000,0.000000,0.000000,skipped,0.000000,0.000000,0.000000,0.000000,0.000000,,93.300000,0.013077,0.000000,0.057379,0.081398,1.418602,3.569889,1556889.705335,0.000000,0.013967,1.000000,0.745562,46011288.646300,9.384267,0.000000,0.710585,1.545008,0.789685,0.903169,0.000000,0.500000,0.000000,1h
2026-01-13 13:59,2026-01-13 14:59,2026-01-13 17:59,DOTUSDT,LONG,BREAKOUT,INSTANT,2.1416423,2.0666848195,2.2059735,50.00,1.000,0.000,2.26862925,3,1.6941,5.9294,10,no,,0.000000,0.000000,0.000000,0.000000,skipped,0.000000,0.000000,0.000000,0.000000,0.000000,,96.100000,0.012293,0.000000,0.028786,0.041972,1.458028,4.963212,3074488.132130,0.000000,0.010576,1.000000,0.923077,96971845.685100,5.791686,0.000000,0.907607,1.545008,0.789685,-0.744631,1.000000,0.000000,-0.857106,1h
2026-01-13 15:59,2026-01-13 16:59,2026-01-14 10:59,ARBUSDT,LONG,BREAKOUT,INSTANT,0.21426426,0.2067650109,0.228738,50.00,1.000,0.000,0.219911907564,18,0.7531,2.6358,10,no,,0.000000,0.000000,0.000000,0.000000,skipped,0.000000,0.000000,0.000000,0.000000,0.000000,,96.400000,0.001403,0.000000,0.051190,0.068800,1.344027,3.050759,2137714.102045,0.000000,0.010409,1.000000,0.980000,58787282.384340,7.052779,0.000000,0.643956,3.073402,2.210850,-1.411484,0.000000,0.500000,0.000000,1h
2026-01-13 15:59,2026-01-13 16:59,2026-01-13 17:59,ICPUSDT,LONG,BREAKOUT,INSTANT,3.6741019,3.5455083335,4.26645836185,50.00,1.000,0.000,3.5455083335,1,-1.0000,-3.5000,10,no,,0.000000,0.000000,0.000000,0.000000,skipped,0.000000,0.000000,0.000000,0.000000,0.000000,,94.000000,0.034930,0.000000,0.123240,0.200619,1.627867,7.142776,2918973.134450,0.000000,0.024380,1.000000,0.726619,83902196.202000,18.072945,0.000000,1.099151,3.073402,2.210850,12.497532,3.000000,0.666667,0.281835,1h
2026-01-13 16:59,2026-01-13 17:59,2026-01-13 23:59,OPUSDT,LONG,BREAKOUT,INSTANT,0.35470638,0.3422916567,0.3879622,50.00,1.000,0.000,0.3669,6,0.9822,3.4377,10,yes,55.00,9.499031,3.172834,0.085491,0.007124,WIN,0.000000,0.000000,0.000000,0.000000,0.000000,,94.200000,0.029019,0.000000,0.090678,0.124709,1.375291,4.933832,2500162.828978,0.000000,0.016820,1.000000,0.822222,67118826.092470,14.241399,0.000000,0.909039,2.979901,2.078501,7.797981,0.000000,0.500000,0.000000,1h
2026-01-13 22:59,2026-01-13 23:59,2026-01-15 15:59,SOLUSDT,LONG,BREAKOUT,INSTANT,146.974079,141.829986235,150.5347,50.00,1.000,0.000,143.0134,40,-0.7699,-2.6948,10,yes,45.00,18.207637,-5.161528,0.163869,0.091038,LOSS,0.000000,0.000000,0.000000,0.000000,0.000000,,92.100000,0.016325,0.000000,0.027601,0.040290,1.459710,3.075413,178573894.848723,0.000000,0.011931,1.000000,0.656307,4451470408.117810,7.521100,0.000000,0.826096,5.914262,4.206271,2.513782,1.000000,1.000000,0.172229,1h
2026-01-13 22:59,2026-01-13 23:59,2026-01-15 01:59,DOGEUSDT,LONG,BREAKOUT,INSTANT,0.149684892,0.14444592078,0.15493903,50.00,1.000,0.000,0.14523894,26,-0.8486,-2.9702,10,no,,0.000000,0.000000,0.000000,0.000000,skipped,0.000000,0.000000,0.000000,0.000000,0.000000,,95.200000,0.032073,0.000000,0.047212,0.067625,1.432375,4.481412,27755660.016360,0.000000,0.012249,1.000000,0.869932,718002895.065000,9.503442,0.000000,0.987514,5.914262,4.206271,1.648098,2.000000,1.000000,0.294166,1h
2026-01-13 22:59,2026-01-13 23:59,2026-01-14 05:59,FETUSDT,LONG,BREAKOUT,INSTANT,0.2980894,0.287656271,0.3072242,50.00,1.000,0.000,0.287656271,6,-1.0000,-3.5000,10,no,,0.000000,0.000000,0.000000,0.000000,skipped,0.000000,0.000000,0.000000,0.000000,0.000000,,94.900000,0.022306,0.000000,0.036807,0.053251,1.446749,3.010290,2398303.730020,0.000000,0.017288,1.000000,0.845638,60162459.605200,7.015777,0.000000,0.685731,5.914262,4.206271,1.166974,1.000000,0.000000,-1.000000,1h
2026-01-13 22:59,2026-01-13 23:59,2026-01-14 06:59,SUIUSDT,LONG,BREAKOUT,INSTANT,1.90347087,1.83684938955,1.9897311,50.00,1.000,0.000,1.83684938955,7,-1.0000,-3.5000,10,yes,45.00,19.635412,-7.066294,0.176719,0.017181,LOSS,0.000000,0.000000,0.000000,0.000000,0.000000,,89.800000,0.020103,0.000000,0.045723,0.065586,1.434414,6.212288,14754184.213541,0.000000,0.016242,1.000000,0.509207,415143030.242170,11.135635,0.000000,1.185574,5.914262,4.206271,0.954209,2.000000,1.000000,0.553607,1h
2026-01-13 22:59,2026-01-13 23:59,2026-01-14 13:59,TIAUSDT,LONG,BREAKOUT,INSTANT,0.62088621,0.59915519265,0.710148418248,50.00,1.000,0.000,0.59915519265,14,-1.0000,-3.5000,10,no,,0.000000,0.000000,0.000000,0.000000,skipped,0.000000,0.000000,0.000000,0.000000,0.000000,,95.200000,0.004370,0.000000,0.105328,0.148145,1.406514,3.711266,2870620.877345,0.000000,0.020729,1.000000,0.877814,70649652.888100,15.517241,0.000000,0.800127,5.914262,4.206271,8.103743,1.000000,1.000000,1.151417,1h
2026-01-13 22:59,2026-01-13 23:59,2026-01-14 12:59,VIRTUALUSDT,LONG,BREAKOUT,INSTANT,1.05841743,1.02137281995,1.16919197559,50.00,1.000,0.000,1.05532751817,13,-0.0834,-0.2919,10,no,,0.000000,0.000000,0.000000,0.000000,skipped,0.000000,0.000000,0.000000,0.000000,0.000000,,92.800000,0.006660,0.000000,0.068910,0.111345,1.615802,3.269384,4211038.565088,0.000000,0.023029,0.700000,0.890661,106074311.607210,11.342155,0.000000,0.759505,5.914262,4.206271,-4.485828,2.000000,0.000000,-1.000000,1h
2026-01-13 22:59,2026-01-13 23:59,2026-01-15 01:59,ADAUSDT,LONG,BREAKOUT,INSTANT,0.42262675,0.40783481375,0.4394865,50.00,1.000,0.000,0.4087808,26,-0.9360,-3.2762,10,no,,0.000000,0.000000,0.000000,0.000000,skipped,0.000000,0.000000,0.000000,0.000000,0.000000,,93.400000,0.026731,0.000000,0.053976,0.066944,1.240256,3.874247,12887850.527125,0.000000,0.014201,1.000000,0.816456,328538121.493600,9.609467,0.000000,0.931389,5.914262,4.206271,3.655240,2.000000,0.500000,-0.110427,1h
2026-01-13 22:59,2026-01-13 23:59,2026-01-14 04:59,1000BONKUSDT,LONG,BREAKOUT,INSTANT,0.0117855346,0.011373040889,0.0127099073965,50.00,1.000,0.000,0.011373040889,5,-1.0000,-3.5000,10,no,,0.000000,0.000000,0.000000,0.000000,skipped,0.000000,0.000000,0.000000,0.000000,0.000000,,96.000000,0.047103,0.000000,0.086743,0.128440,1.480703,3.345384,4615391.501628,0.000000,0.021455,1.000000,0.903714,112164904.326051,14.598540,0.000000,0.813201,5.914262,4.206271,6.670544,3.000000,1.000000,1.574278,1h
2026-01-13 22:59,2026-01-13 23:59,2026-01-14 00:59,1000PEPEUSDT,LONG,BREAKOUT,INSTANT,0.00653415966,0.0063054640719,0.00683302705,50.00,1.000,0.000,0.00672414598339,1,0.8307,2.9076,10,no,,0.000000,0.000000,0.000000,0.000000,skipped,0.000000,0.000000,0.000000,0.000000,0.000000,,95.400000,0.047331,0.000000,0.067225,0.094486,1.405514,3.781615,20451695.052385,0.000000,0.018866,1.000000,0.890421,517087371.490375,13.444375,0.000000,0.951213,5.914262,4.206271,4.673714,3.000000,1.000000,1.594109,1h
2026-01-14 14:59,2026-01-14 15:59,2026-01-15 09:59,ICPUSDT,LONG,BREAKOUT,INSTANT,4.1722513,4.0262225045,5.07005176942,50.00,1.000,0.000,4.20023146028,18,0.1916,0.6706,10,yes,38.25,13.987243,0.780663,0.125885,0.031471,WIN,0.000000,0.000000,0.000000,0.000000,0.000000,,97.200000,0.028600,0.000000,0.146293,0.248764,1.700455,3.098048,6131994.178450,0.000000,0.025990,1.000000,0.912664,183816215.822000,17.593480,0.000000,0.900624,5.900864,3.637205,23.704604,4.000000,0.500000,-0.038624,1h
2026-01-17 13:59,2026-01-17 14:59,2026-01-17 15:59,CHZUSDT,LONG,BREAKOUT,INSTANT,0.063559062,0.06133449483,0.072201385,50.00,1.000,0.000,0.06133449483,1,-1.0000,-3.5000,10,yes,29.25,9.414724,-3.381063,0.084733,0.001177,LOSS,0.000000,0.000000,0.000000,0.000000,0.000000,,93.800000,0.002999,0.000000,0.101793,0.138583,1.361417,3.819003,2112632.802030,0.000000,0.019886,1.000000,0.800000,61049633.599350,10.670444,0.000000,0.795340,0.458488,0.202315,17.077583,5.000000,0.800000,0.529077,1h
